Site,Partition,alpha,beta,beta-alpha,Prob[alpha>beta],Prob[alpha<beta],BayesFactor[alpha<beta]
1,1,1.783,0.499,-1.284,0.592,0.35,0.778
2,1,1,0.53,-0.469,0.559,0.38,0.887
3,1,0.917,0.542,-0.375,0.551,0.388,0.914
4,1,1,0.53,-0.469,0.559,0.38,0.887
5,1,1.281,15.619,14.338,0.009,0.971,48.875
6,1,0.917,0.542,-0.375,0.551,0.388,0.914
7,1,0.9,0.571,-0.329,0.545,0.394,0.94
8,1,0.808,0.546,-0.263,0.542,0.396,0.949
9,1,0.978,0.47,-0.507,0.577,0.363,0.822
10,1,0.71,0.543,-0.166,0.53,0.407,0.991
11,1,0.639,0.539,-0.099,0.518,0.418,1.036
12,1,0.915,0.501,-0.413,0.562,0.377,0.875
13,1,1,0.54,-0.46,0.557,0.383,0.896
14,1,1.041,0.53,-0.51,0.561,0.378,0.88
15,1,1,0.539,-0.461,0.557,0.382,0.895
16,1,0.917,0.542,-0.375,0.551,0.388,0.914
17,1,1.001,0.554,-0.447,0.554,0.385,0.906
18,1,0.914,0.494,-0.42,0.564,0.375,0.866
19,1,1.869,30.76,28.891,0.006,0.98,70.259
20,1,1.808,0.511,-1.297,0.773,0.182,0.322
21,1,1.027,0.551,-0.476,0.556,0.384,0.899
22,1,0.969,1.288,0.319,0.33,0.611,2.273
23,1,1.366,0.542,-0.824,0.571,0.37,0.849
24,1,1.717,0.721,-0.997,0.558,0.383,0.898
25,1,1.937,1.679,-0.258,0.534,0.409,1
26,1,1.937,1.679,-0.258,0.534,0.409,1
27,1,0.986,0.576,-0.41,0.55,0.389,0.92
28,1,0.71,0.558,-0.151,0.527,0.41,1.004
29,1,0.915,0.505,-0.41,0.561,0.378,0.878
30,1,1.001,0.554,-0.447,0.554,0.385,0.906
31,1,5.88,1.408,-4.472,0.69,0.245,0.47
32,1,0.708,0.502,-0.206,0.541,0.396,0.948
33,1,0.981,0.505,-0.476,0.565,0.375,0.865
34,1,0.914,0.497,-0.417,0.563,0.376,0.87
35,1,0.917,0.548,-0.37,0.55,0.389,0.919
36,1,0.917,0.542,-0.375,0.551,0.388,0.914
37,1,1.002,0.561,-0.441,0.553,0.387,0.911
38,1,0.71,0.558,-0.151,0.527,0.41,1.004
39,1,0.912,0.47,-0.442,0.573,0.366,0.834
40,1,0.709,0.516,-0.193,0.537,0.4,0.965
41,1,1.366,0.545,-0.822,0.57,0.371,0.851
42,1,0.917,0.542,-0.375,0.551,0.388,0.914
43,1,2.45,0.515,-1.934,0.797,0.162,0.28
44,1,1.027,0.551,-0.476,0.556,0.384,0.899
45,1,0.638,0.5,-0.139,0.529,0.407,0.991
46,1,0.984,0.544,-0.44,0.555,0.384,0.901
47,1,0.917,0.542,-0.375,0.551,0.388,0.914
48,1,0.9,0.571,-0.329,0.545,0.394,0.94
49,1,7.48,1.415,-6.065,0.72,0.22,0.407
50,1,0.984,0.544,-0.44,0.555,0.384,0.901
51,1,5.848,1.441,-4.406,0.687,0.248,0.476
52,1,1.358,5.755,4.397,0.127,0.826,6.842
53,1,0.709,0.516,-0.193,0.537,0.4,0.965
54,1,3.637,0.574,-3.062,0.814,0.148,0.251
55,1,7.74,0.558,-7.182,0.951,0.033,0.05
56,1,0.9,0.571,-0.329,0.545,0.394,0.94
57,1,0.912,0.47,-0.442,0.573,0.366,0.834
58,1,0.708,0.502,-0.206,0.541,0.396,0.948
59,1,1,0.53,-0.469,0.559,0.38,0.887
60,1,1.795,0.507,-1.287,0.773,0.182,0.321
61,1,1.001,0.554,-0.447,0.554,0.385,0.906
62,1,0.917,0.542,-0.375,0.551,0.388,0.914
63,1,0.915,0.505,-0.41,0.561,0.378,0.878
64,1,1.8,0.553,-1.247,0.579,0.363,0.822
65,1,0.708,0.502,-0.206,0.541,0.396,0.948
66,1,0.997,0.499,-0.498,0.567,0.372,0.855
67,1,0.968,1.271,0.303,0.331,0.61,2.261
68,1,1.114,0.535,-0.58,0.563,0.376,0.872
69,1,0.997,0.499,-0.498,0.567,0.372,0.855
70,1,0.639,0.539,-0.099,0.518,0.418,1.036
71,1,0.915,0.501,-0.413,0.562,0.377,0.875
72,1,0.818,0.547,-0.271,0.542,0.396,0.946
73,1,0.638,0.503,-0.136,0.528,0.408,0.995
74,1,1.097,1.858,0.761,0.309,0.634,2.499
75,1,0.986,1.784,0.797,0.305,0.638,2.543
76,1,0.969,1.288,0.318,0.33,0.611,2.272
77,1,1.041,0.533,-0.508,0.56,0.379,0.882
78,1,0.882,0.536,-0.345,0.55,0.389,0.918
79,1,6.67,0.575,-6.095,0.854,0.115,0.188
80,1,1.001,0.551,-0.45,0.555,0.385,0.904
81,1,0.709,0.518,-0.19,0.536,0.401,0.967
82,1,0.912,0.47,-0.442,0.573,0.366,0.834
83,1,0.638,0.501,-0.137,0.529,0.407,0.993
84,1,2.462,0.56,-1.901,0.787,0.17,0.297
85,1,0.978,0.47,-0.507,0.577,0.363,0.822
86,1,1,0.53,-0.469,0.559,0.38,0.887
87,1,6.64,0.606,-6.034,0.85,0.118,0.194
88,1,1.001,0.551,-0.45,0.555,0.385,0.904
89,1,0.917,0.548,-0.37,0.55,0.389,0.919
90,1,0.917,0.542,-0.375,0.551,0.388,0.914
91,1,1.002,0.561,-0.441,0.553,0.387,0.911
92,1,1,0.53,-0.469,0.559,0.38,0.887
93,1,0.915,0.503,-0.412,0.561,0.378,0.876
94,1,0.638,0.5,-0.139,0.529,0.407,0.991
95,1,0.969,1.288,0.319,0.33,0.611,2.272
96,1,1.042,0.544,-0.498,0.558,0.381,0.891
97,1,1.521,21.161,19.64,0.008,0.974,54.217
98,1,0.968,1.26,0.292,0.332,0.609,2.254
99,1,0.709,0.518,-0.19,0.536,0.401,0.967
100,1,1.114,0.535,-0.58,0.563,0.376,0.872
101,1,1.114,0.535,-0.58,0.563,0.376,0.872
102,1,1.027,0.551,-0.476,0.556,0.384,0.899
103,1,0.639,0.545,-0.093,0.517,0.419,1.042
104,1,1.8,0.553,-1.247,0.579,0.363,0.822
105,1,0.969,0.538,-0.43,0.555,0.384,0.9
106,1,6.534,0.573,-5.961,0.853,0.116,0.19
107,1,0.917,0.548,-0.37,0.55,0.389,0.919
108,1,0.915,0.505,-0.41,0.561,0.378,0.878
109,1,0.915,0.505,-0.41,0.561,0.378,0.878
110,1,0.9,0.571,-0.329,0.545,0.394,0.94
111,1,1.001,0.551,-0.45,0.555,0.385,0.904
112,1,0.818,0.534,-0.284,0.545,0.393,0.936
113,1,1.041,0.533,-0.508,0.56,0.379,0.882
114,1,0.638,0.503,-0.136,0.528,0.408,0.995
115,1,1.041,0.53,-0.51,0.561,0.378,0.88
116,1,1.796,0.507,-1.289,0.773,0.182,0.321
117,1,0.71,0.543,-0.166,0.53,0.407,0.991
118,1,0.965,1.193,0.228,0.336,0.604,2.208
119,1,0.969,0.538,-0.43,0.555,0.384,0.9
120,1,0.917,0.542,-0.375,0.551,0.388,0.914
121,1,1.001,0.554,-0.447,0.554,0.385,0.906
122,1,0.709,0.518,-0.19,0.536,0.401,0.967
123,1,0.915,0.503,-0.412,0.561,0.378,0.876
124,1,0.915,0.505,-0.41,0.561,0.378,0.878
125,1,1.001,0.554,-0.447,0.554,0.385,0.906
126,1,0.917,0.542,-0.375,0.551,0.388,0.914
127,1,0.917,0.542,-0.375,0.551,0.388,0.914
128,1,0.969,0.538,-0.43,0.555,0.384,0.9
129,1,1.366,0.545,-0.822,0.57,0.371,0.851
130,1,0.639,0.539,-0.099,0.518,0.418,1.036
131,1,1,0.539,-0.461,0.557,0.382,0.895
132,1,1.368,0.557,-0.811,0.568,0.373,0.86
133,1,1,0.53,-0.469,0.559,0.38,0.887
134,1,1.366,0.542,-0.824,0.571,0.37,0.849
135,1,1,0.53,-0.469,0.559,0.38,0.887
136,1,1,0.539,-0.461,0.557,0.382,0.895
137,1,1.001,0.554,-0.447,0.554,0.385,0.906
138,1,1.001,0.551,-0.45,0.555,0.385,0.904
139,1,0.978,0.47,-0.507,0.577,0.363,0.822
140,1,1.085,1.595,0.51,0.32,0.622,2.377
141,1,0.808,0.546,-0.263,0.542,0.396,0.949
142,1,1.001,0.551,-0.45,0.555,0.385,0.904
143,1,0.917,0.542,-0.375,0.551,0.388,0.914
144,1,14.634,0.708,-13.926,0.989,0.004,0.005
145,1,2.511,49.882,47.371,0,0.989,127.32
146,1,3.356,50,46.644,0,0.979,67.367
147,1,1.37,0.571,-0.8,0.565,0.375,0.868
148,1,0.793,10.792,9.999,0.017,0.965,39.731
149,1,0.709,0.518,-0.19,0.536,0.401,0.967
150,1,1.366,0.545,-0.822,0.57,0.371,0.851
151,1,1.465,12.965,11.5,0.028,0.942,23.515
152,1,1.8,0.553,-1.247,0.579,0.363,0.822
153,1,1.783,0.499,-1.284,0.592,0.35,0.778
154,1,1.368,0.557,-0.811,0.568,0.373,0.86
155,1,1,0.54,-0.46,0.557,0.383,0.896
156,1,1.042,0.544,-0.498,0.558,0.381,0.891
157,1,0.727,1.273,0.546,0.305,0.637,2.534
158,1,1.027,0.551,-0.476,0.556,0.384,0.899
159,1,0.984,1.703,0.719,0.308,0.634,2.503
160,1,6.674,0.616,-6.058,0.849,0.119,0.195
161,1,0.915,0.501,-0.413,0.562,0.377,0.875
162,1,1,0.54,-0.46,0.557,0.383,0.896
163,1,0.817,0.502,-0.315,0.554,0.384,0.902
164,1,1.001,0.554,-0.447,0.554,0.385,0.906
165,1,1.001,0.554,-0.447,0.554,0.385,0.906
166,1,0.709,0.538,-0.171,0.531,0.406,0.987
167,1,0.915,0.505,-0.41,0.561,0.378,0.878
168,1,1,0.53,-0.469,0.559,0.38,0.887
169,1,1.368,0.557,-0.811,0.568,0.373,0.86
170,1,1.002,0.561,-0.441,0.553,0.387,0.911
171,1,0.639,0.539,-0.099,0.518,0.418,1.036
172,1,0.915,0.501,-0.413,0.562,0.377,0.875
173,1,1.041,0.53,-0.51,0.561,0.378,0.88
174,1,0.912,0.47,-0.442,0.573,0.366,0.834
175,1,1,0.53,-0.469,0.559,0.38,0.887
176,1,0.914,0.494,-0.42,0.564,0.375,0.866
177,1,3.582,12.367,8.785,0.072,0.88,10.624
178,1,0.709,0.516,-0.193,0.537,0.4,0.965
179,1,5.287,0.522,-4.765,0.848,0.12,0.198
180,1,2.152,7.618,5.466,0.126,0.825,6.802
181,1,1.084,2.103,1.019,0.299,0.644,2.615
182,1,1.571,1.731,0.16,0.335,0.607,2.231
183,1,11.409,7.601,-3.808,0.464,0.388,0.915
184,1,0.986,1.782,0.796,0.305,0.638,2.542
185,1,1.001,0.554,-0.447,0.554,0.385,0.906
186,1,0.708,0.502,-0.206,0.541,0.396,0.948
187,1,1.366,0.545,-0.822,0.57,0.371,0.851
188,1,1.097,1.861,0.764,0.309,0.634,2.5
189,1,0.965,1.193,0.228,0.336,0.604,2.208
190,1,1.063,6.106,5.043,0.109,0.848,8.084
191,1,1.368,0.557,-0.811,0.568,0.373,0.86
192,1,1,0.53,-0.469,0.559,0.38,0.887
193,1,0.818,0.541,-0.277,0.544,0.395,0.941
194,1,1,0.53,-0.469,0.559,0.38,0.887
195,1,1.041,0.533,-0.508,0.56,0.379,0.882
196,1,1.001,0.554,-0.447,0.554,0.385,0.906
197,1,1.047,1.652,0.605,0.315,0.627,2.431
198,1,1.001,0.551,-0.45,0.555,0.385,0.904
199,1,0.917,0.548,-0.37,0.55,0.389,0.919
200,1,1.33,7.818,6.488,0.098,0.859,8.832
201,1,1,0.53,-0.469,0.559,0.38,0.887
202,1,1.366,0.545,-0.822,0.57,0.371,0.851
203,1,1.114,0.535,-0.58,0.563,0.376,0.872
204,1,1.002,0.561,-0.441,0.553,0.387,0.911
205,1,0.915,0.501,-0.413,0.562,0.377,0.875
206,1,1.041,0.533,-0.508,0.56,0.379,0.882
207,1,0.723,1.079,0.356,0.32,0.622,2.372
208,1,0.817,0.504,-0.313,0.553,0.385,0.904
209,1,5.147,0.493,-4.654,0.852,0.117,0.191
210,1,1.047,1.654,0.607,0.315,0.627,2.432
211,1,1.001,0.554,-0.447,0.554,0.385,0.906
212,1,0.9,0.571,-0.329,0.545,0.394,0.94
213,1,1.373,6.597,5.225,0.115,0.84,7.562
214,1,0.914,0.497,-0.417,0.563,0.376,0.87
215,1,10.307,7.833,-2.475,0.429,0.419,1.043
216,1,0.638,0.492,-0.146,0.531,0.404,0.981
217,1,0.912,0.47,-0.442,0.573,0.366,0.834
218,1,1.041,0.53,-0.51,0.561,0.378,0.88
219,1,0.917,0.548,-0.37,0.55,0.389,0.919
220,1,6.67,0.575,-6.095,0.854,0.115,0.188
221,1,3.768,0.561,-3.206,0.819,0.144,0.243
222,1,0.915,0.503,-0.412,0.561,0.378,0.876
223,1,0.9,0.571,-0.329,0.545,0.394,0.94
224,1,1.588,1.889,0.301,0.329,0.613,2.291
225,1,6.297,0.497,-5.8,0.864,0.108,0.174
226,1,0.808,0.546,-0.263,0.542,0.396,0.949
227,1,0.984,0.542,-0.442,0.555,0.384,0.9
228,1,1.001,0.551,-0.45,0.555,0.385,0.904
229,1,0.808,0.546,-0.263,0.542,0.396,0.949
230,1,0.978,0.47,-0.507,0.577,0.363,0.822
231,1,1.114,0.535,-0.58,0.563,0.376,0.872
232,1,0.917,0.548,-0.37,0.55,0.389,0.919
233,1,0.969,0.538,-0.43,0.555,0.384,0.9
234,1,2.45,0.533,-1.917,0.792,0.166,0.287
235,1,0.646,0.537,-0.109,0.521,0.416,1.028
236,1,0.915,0.505,-0.41,0.561,0.378,0.878
237,1,0.882,0.536,-0.345,0.55,0.389,0.918
238,1,1,0.53,-0.469,0.559,0.38,0.887
239,1,1.366,0.542,-0.824,0.571,0.37,0.849
240,1,5.232,0.534,-4.698,0.845,0.123,0.202
241,1,4.985,0.616,-4.369,0.83,0.135,0.225
242,1,0.965,1.193,0.228,0.336,0.604,2.208
243,1,0.915,0.503,-0.412,0.561,0.378,0.876
244,1,0.9,0.571,-0.329,0.545,0.394,0.94
245,1,9.306,4.429,-4.876,0.531,0.347,0.767
246,1,1.027,0.551,-0.476,0.556,0.384,0.899
247,1,1,0.54,-0.46,0.557,0.383,0.896
248,1,1.002,0.561,-0.441,0.553,0.387,0.911
249,1,0.808,0.546,-0.263,0.542,0.396,0.949
250,1,0.915,0.505,-0.41,0.561,0.378,0.878
251,1,0.957,1.019,0.062,0.351,0.589,2.07
252,1,1.136,6.572,5.437,0.106,0.852,8.291
253,1,1.454,14.136,12.682,0.024,0.948,26.276
254,1,0.915,0.501,-0.413,0.562,0.377,0.875
255,1,0.915,0.501,-0.413,0.562,0.377,0.875
256,1,1.268,6.581,5.313,0.111,0.844,7.841
257,1,0.987,1.783,0.796,0.305,0.638,2.542
258,1,1.8,0.553,-1.247,0.579,0.363,0.822
259,1,1.05,1.29,0.24,0.335,0.606,2.22
260,1,0.915,0.503,-0.412,0.561,0.378,0.876
261,1,0.917,0.548,-0.37,0.55,0.389,0.919
262,1,0.915,0.503,-0.412,0.561,0.378,0.876
263,1,0.981,0.503,-0.478,0.565,0.374,0.863
264,1,0.915,0.503,-0.412,0.561,0.378,0.876
265,1,1.002,0.561,-0.441,0.553,0.387,0.911
266,1,1.002,0.561,-0.441,0.553,0.387,0.911
267,1,0.818,0.541,-0.277,0.544,0.395,0.941
268,1,0.917,0.548,-0.37,0.55,0.389,0.919
269,1,1.002,0.561,-0.441,0.553,0.387,0.911
270,1,0.914,0.494,-0.42,0.564,0.375,0.866
271,1,1.366,0.542,-0.824,0.571,0.37,0.849
272,1,0.912,0.47,-0.442,0.573,0.366,0.834
273,1,0.882,0.536,-0.345,0.55,0.389,0.918
274,1,0.969,1.288,0.318,0.33,0.611,2.272
275,1,1,0.53,-0.469,0.559,0.38,0.887
276,1,0.71,0.543,-0.166,0.53,0.407,0.991
277,1,0.9,0.571,-0.329,0.545,0.394,0.94
278,1,1.366,0.545,-0.822,0.57,0.371,0.851
279,1,1.002,0.561,-0.441,0.553,0.387,0.911
280,1,1.001,0.554,-0.447,0.554,0.385,0.906
281,1,1.368,0.557,-0.811,0.568,0.373,0.86
282,1,1.001,0.554,-0.447,0.554,0.385,0.906
283,1,0.986,0.57,-0.415,0.55,0.389,0.92
284,1,0.638,0.503,-0.136,0.528,0.408,0.995
285,1,0.969,0.538,-0.43,0.555,0.384,0.9
286,1,1.05,1.29,0.24,0.335,0.606,2.22
287,1,1.001,0.551,-0.45,0.555,0.385,0.904
288,1,0.915,0.503,-0.412,0.561,0.378,0.876
289,1,0.984,0.542,-0.442,0.555,0.384,0.9
290,1,0.709,0.516,-0.193,0.537,0.4,0.965
291,1,1,0.539,-0.461,0.557,0.382,0.895
292,1,0.981,0.503,-0.478,0.565,0.374,0.863
293,1,0.914,0.494,-0.42,0.564,0.375,0.866
294,1,2.45,0.53,-1.919,0.793,0.165,0.286
295,1,0.912,0.47,-0.442,0.573,0.366,0.834
296,1,9.751,0.562,-9.19,0.987,0.006,0.009
297,1,0.984,0.544,-0.44,0.555,0.384,0.901
298,1,1.368,0.557,-0.811,0.568,0.373,0.86
299,1,1.049,1.29,0.24,0.335,0.606,2.22
300,1,1.041,0.533,-0.508,0.56,0.379,0.882
301,1,1,0.539,-0.461,0.557,0.382,0.895
302,1,0.817,0.504,-0.313,0.553,0.385,0.904
303,1,0.808,0.546,-0.263,0.542,0.396,0.949
304,1,2.059,6.497,4.439,0.138,0.811,6.189
305,1,0.638,0.5,-0.139,0.529,0.407,0.991
306,1,8.215,1.538,-6.676,0.857,0.084,0.132
307,1,0.915,0.505,-0.41,0.561,0.378,0.878
308,1,0.984,0.542,-0.442,0.555,0.384,0.9
309,1,1.368,0.557,-0.811,0.568,0.373,0.86
310,1,1.366,0.545,-0.822,0.57,0.371,0.851
311,1,0.986,0.57,-0.415,0.55,0.389,0.92
312,1,1.868,0.547,-1.321,0.767,0.188,0.334
313,1,1.002,0.561,-0.441,0.553,0.387,0.911
314,1,1.366,0.542,-0.824,0.571,0.37,0.849
315,1,0.915,0.505,-0.41,0.561,0.378,0.878
316,1,0.915,0.501,-0.413,0.562,0.377,0.875
317,1,0.709,0.518,-0.19,0.536,0.401,0.967
318,1,1,0.53,-0.469,0.559,0.38,0.887
319,1,1.027,0.551,-0.476,0.556,0.384,0.899
320,1,0.639,0.539,-0.099,0.518,0.418,1.036
321,1,1.366,0.542,-0.824,0.571,0.37,0.849
322,1,1.033,1.02,-0.014,0.357,0.583,2.024
323,1,1.444,13.495,12.051,0.017,0.955,30.996
324,1,1.368,0.557,-0.811,0.568,0.373,0.86
325,1,0.915,0.501,-0.413,0.562,0.377,0.875
326,1,0.969,0.538,-0.43,0.555,0.384,0.9
327,1,0.917,0.542,-0.375,0.551,0.388,0.914
328,1,1.027,0.551,-0.476,0.556,0.384,0.899
329,1,1,0.53,-0.469,0.559,0.38,0.887
330,1,0.912,0.47,-0.442,0.573,0.366,0.834
331,1,1.001,0.554,-0.447,0.554,0.385,0.906
332,1,0.969,0.538,-0.43,0.555,0.384,0.9
333,1,0.981,0.505,-0.476,0.565,0.375,0.865
334,1,0.728,1.434,0.706,0.296,0.647,2.649
335,1,0.808,0.546,-0.263,0.542,0.396,0.949
336,1,7.732,0.609,-7.123,0.946,0.036,0.054
337,1,0.912,0.47,-0.442,0.573,0.366,0.834
338,1,1,0.53,-0.469,0.559,0.38,0.887
339,1,0.997,0.499,-0.498,0.567,0.372,0.855
340,1,1.368,0.557,-0.811,0.568,0.373,0.86
341,1,0.917,0.542,-0.375,0.551,0.388,0.914
342,1,1,0.53,-0.469,0.559,0.38,0.887
343,1,0.709,0.518,-0.19,0.536,0.401,0.967
344,1,0.648,1.261,0.613,0.292,0.651,2.695
345,1,0.638,0.503,-0.136,0.528,0.408,0.995
346,1,0.981,0.505,-0.476,0.565,0.375,0.865
347,1,1,0.53,-0.469,0.559,0.38,0.887
348,1,0.981,0.503,-0.478,0.565,0.374,0.863
349,1,0.915,0.501,-0.413,0.562,0.377,0.875
350,1,0.917,0.542,-0.375,0.551,0.388,0.914
351,1,1.003,0.561,-0.441,0.553,0.387,0.911
352,1,0.915,0.503,-0.412,0.561,0.378,0.876
353,1,1.8,0.553,-1.247,0.579,0.363,0.822
354,1,0.793,10.789,9.996,0.017,0.965,39.679
355,1,0.882,0.536,-0.345,0.55,0.389,0.918
356,1,1.041,0.533,-0.508,0.56,0.379,0.882
357,1,1.027,0.551,-0.476,0.556,0.384,0.899
358,1,0.646,0.537,-0.109,0.521,0.416,1.028
359,1,0.709,0.509,-0.199,0.539,0.398,0.957
360,1,0.709,0.518,-0.19,0.536,0.401,0.967
361,1,1,0.539,-0.461,0.557,0.382,0.895
362,1,0.917,0.542,-0.375,0.551,0.388,0.914
363,1,0.915,0.503,-0.412,0.561,0.378,0.876
364,1,1.001,0.551,-0.45,0.555,0.385,0.904
365,1,1.002,0.561,-0.441,0.553,0.387,0.911
366,1,0.915,0.501,-0.413,0.562,0.377,0.875
367,1,5.229,0.588,-4.642,0.922,0.054,0.083
368,1,1.505,5.912,4.406,0.13,0.822,6.658
369,1,1.002,0.561,-0.441,0.553,0.387,0.911
370,1,1.001,0.554,-0.447,0.554,0.385,0.906
371,1,2.638,1.331,-1.308,0.593,0.333,0.721
372,1,0.981,0.503,-0.478,0.565,0.374,0.863
373,1,1.034,1.021,-0.013,0.357,0.584,2.025
374,1,1,0.53,-0.469,0.559,0.38,0.887
375,1,0.726,1.273,0.546,0.305,0.637,2.535
376,1,0.968,1.271,0.302,0.331,0.61,2.261
377,1,1,0.53,-0.469,0.559,0.38,0.887
378,1,1.041,0.533,-0.508,0.56,0.379,0.882
379,1,1,0.539,-0.461,0.557,0.382,0.895
380,1,1.002,0.561,-0.441,0.553,0.387,0.911
381,1,0.986,0.57,-0.415,0.55,0.389,0.92
382,1,0.818,0.541,-0.277,0.544,0.395,0.941
383,1,0.915,0.501,-0.413,0.562,0.377,0.875
384,1,0.912,0.47,-0.442,0.573,0.366,0.834
385,1,0.915,0.505,-0.41,0.561,0.378,0.878
386,1,1.366,0.545,-0.822,0.57,0.371,0.851
387,1,0.9,0.571,-0.329,0.545,0.394,0.94
388,1,1.001,0.554,-0.447,0.554,0.385,0.906
389,1,6.692,0.602,-6.09,0.851,0.118,0.193
390,1,1.794,0.499,-1.294,0.776,0.18,0.317
391,1,0.709,0.538,-0.171,0.531,0.406,0.987
392,1,1,0.53,-0.469,0.559,0.38,0.887
393,1,5.248,0.534,-4.713,0.845,0.123,0.202
394,1,1.001,0.554,-0.447,0.554,0.385,0.906
395,1,1.8,0.549,-1.251,0.763,0.191,0.341
396,1,1.002,0.561,-0.441,0.553,0.387,0.911
397,1,0.981,0.503,-0.478,0.565,0.374,0.863
398,1,1.001,0.551,-0.45,0.555,0.385,0.904
399,1,0.984,0.544,-0.44,0.555,0.384,0.901
400,1,1,0.53,-0.469,0.559,0.38,0.887
401,1,0.984,0.542,-0.442,0.555,0.384,0.9
402,1,0.969,0.538,-0.43,0.555,0.384,0.9
403,1,1.13,1.818,0.688,0.313,0.63,2.459
404,1,0.917,0.548,-0.37,0.55,0.389,0.919
405,1,1.001,0.554,-0.447,0.554,0.385,0.906
406,1,1.368,0.557,-0.811,0.568,0.373,0.86
407,1,0.639,0.539,-0.099,0.518,0.418,1.036
408,1,0.944,49.959,49.015,0,1,550.137
409,1,1.366,0.542,-0.824,0.571,0.37,0.849
410,1,0.646,0.537,-0.109,0.521,0.416,1.028
411,1,0.915,0.503,-0.412,0.561,0.378,0.876
412,1,0.978,0.47,-0.507,0.577,0.363,0.822
413,1,0.818,0.547,-0.271,0.542,0.396,0.946
414,1,1.366,0.542,-0.824,0.571,0.37,0.849
415,1,0.915,0.505,-0.41,0.561,0.378,0.878
416,1,0.986,0.57,-0.415,0.55,0.389,0.92
417,1,1.569,25.759,24.19,0.006,0.979,67.799
418,1,0.969,0.538,-0.43,0.555,0.384,0.9
419,1,0.915,0.503,-0.412,0.561,0.378,0.876
420,1,1.001,0.551,-0.45,0.555,0.385,0.904
421,1,6.702,0.617,-6.086,0.849,0.119,0.195
422,1,1.001,0.554,-0.447,0.554,0.385,0.906
423,1,1.002,0.561,-0.441,0.553,0.387,0.911
424,1,1.366,0.545,-0.822,0.57,0.371,0.851
425,1,0.9,0.571,-0.329,0.545,0.394,0.94
426,1,0.978,0.47,-0.507,0.577,0.363,0.822
427,1,1.095,1.816,0.721,0.311,0.632,2.481
428,1,1.001,0.551,-0.45,0.555,0.385,0.904
429,1,1,0.53,-0.469,0.559,0.38,0.887
430,1,1.05,1.29,0.24,0.335,0.606,2.22
431,1,0.639,0.545,-0.093,0.517,0.419,1.042
432,1,0.709,0.538,-0.171,0.531,0.406,0.987
433,1,0.917,0.542,-0.375,0.551,0.388,0.914
434,1,1.114,0.535,-0.58,0.563,0.376,0.872
435,1,0.915,0.503,-0.412,0.561,0.378,0.876
436,1,1.8,0.553,-1.247,0.579,0.363,0.822
437,1,6.695,0.607,-6.088,0.85,0.118,0.193
438,1,0.915,0.501,-0.413,0.562,0.377,0.875
439,1,0.709,0.518,-0.19,0.536,0.401,0.967
440,1,1.698,26.807,25.109,0.007,0.978,65.476
441,1,0.914,0.494,-0.42,0.564,0.375,0.866
442,1,1.001,0.551,-0.45,0.555,0.385,0.904
443,1,0.915,0.501,-0.413,0.562,0.377,0.875
444,1,1.133,1.591,0.457,0.323,0.619,2.346
445,1,1.238,9.768,8.53,0.021,0.947,25.888
446,1,1,0.541,-0.459,0.557,0.383,0.896
447,1,0.917,0.548,-0.37,0.55,0.389,0.919
448,1,1.001,0.554,-0.447,0.554,0.385,0.906
449,1,1.002,0.561,-0.441,0.553,0.387,0.911
450,1,1.001,0.554,-0.447,0.554,0.385,0.906
451,1,0.71,0.558,-0.151,0.527,0.41,1.004
452,1,0.677,1.73,1.053,0.274,0.671,2.95
453,1,1.002,0.561,-0.441,0.553,0.387,0.911
454,1,7.13,0.606,-6.524,0.855,0.114,0.187
455,1,0.808,0.546,-0.263,0.542,0.396,0.949
456,1,1.083,1.558,0.475,0.322,0.62,2.359
457,1,0.882,0.536,-0.345,0.55,0.389,0.918
458,1,1.041,0.533,-0.508,0.56,0.379,0.882
459,1,0.915,0.501,-0.413,0.562,0.377,0.875
460,1,1.047,0.534,-0.513,0.561,0.379,0.882
461,1,0.638,0.492,-0.146,0.531,0.404,0.981
462,1,1.366,0.545,-0.822,0.57,0.371,0.851
463,1,0.912,0.47,-0.442,0.573,0.366,0.834
464,1,1,0.53,-0.469,0.559,0.38,0.887
465,1,1.042,0.544,-0.498,0.558,0.381,0.891
466,1,1.027,0.551,-0.476,0.556,0.384,0.899
467,1,1.001,0.551,-0.45,0.555,0.385,0.904
468,1,0.969,0.538,-0.43,0.555,0.384,0.9
469,1,0.984,0.544,-0.44,0.555,0.384,0.901
470,1,0.915,0.505,-0.41,0.561,0.378,0.878
471,1,1.368,0.557,-0.811,0.568,0.373,0.86
472,1,1.858,0.547,-1.311,0.766,0.188,0.334
473,1,1.002,0.561,-0.441,0.553,0.387,0.911
474,1,1.136,1.557,0.421,0.325,0.617,2.327
475,1,0.648,1.261,0.613,0.292,0.651,2.695
476,1,0.917,0.548,-0.37,0.55,0.389,0.919
477,1,0.728,1.434,0.706,0.296,0.647,2.649
478,1,2.729,23.617,20.887,0.024,0.946,25.547
479,1,0.912,0.47,-0.442,0.573,0.366,0.834
480,1,1,0.539,-0.461,0.557,0.382,0.895
481,1,1.001,0.554,-0.447,0.554,0.385,0.906
482,1,0.917,0.548,-0.37,0.55,0.389,0.919
483,1,0.917,0.542,-0.375,0.551,0.388,0.914
484,1,1.049,1.273,0.224,0.336,0.605,2.21
485,1,0.917,0.548,-0.37,0.55,0.389,0.919
486,1,1.301,33.416,32.116,0.001,0.994,231.946
487,1,1.001,0.554,-0.447,0.554,0.385,0.906
488,1,1,0.539,-0.461,0.557,0.382,0.895
489,1,0.71,0.558,-0.151,0.527,0.41,1.004
490,1,1.083,4.017,2.934,0.148,0.802,5.861
491,1,0.912,0.47,-0.442,0.573,0.366,0.834
492,1,0.9,0.571,-0.329,0.545,0.394,0.94
493,1,1.366,0.542,-0.824,0.571,0.37,0.849
494,1,0.984,0.544,-0.44,0.555,0.384,0.901
495,1,1.002,0.561,-0.441,0.553,0.387,0.911
496,1,5.268,0.589,-4.679,0.837,0.129,0.214
497,1,0.708,0.502,-0.206,0.541,0.396,0.948
498,1,0.783,0.612,-0.172,0.529,0.41,1.002
499,1,0.638,0.469,-0.169,0.54,0.395,0.944
500,1,0.915,0.505,-0.41,0.561,0.378,0.878
501,1,1.002,0.561,-0.441,0.553,0.387,0.911
502,1,0.917,0.548,-0.37,0.55,0.389,0.919
503,1,0.917,0.542,-0.375,0.551,0.388,0.914
504,1,0.917,0.548,-0.37,0.55,0.389,0.919
505,1,0.708,0.479,-0.229,0.549,0.388,0.916
506,1,1.366,0.542,-0.824,0.571,0.37,0.849
507,1,0.978,0.47,-0.507,0.577,0.363,0.822
508,1,2.461,0.577,-1.884,0.784,0.173,0.302
509,1,1.027,0.551,-0.476,0.556,0.384,0.899
510,1,0.984,0.542,-0.442,0.555,0.384,0.9
511,1,0.984,0.542,-0.442,0.555,0.384,0.9
512,1,0.984,0.542,-0.442,0.555,0.384,0.9
513,1,5.208,0.521,-4.686,0.847,0.121,0.199
514,1,1.082,4.01,2.927,0.148,0.802,5.855
515,1,1,0.53,-0.469,0.559,0.38,0.887
516,1,1.368,0.557,-0.811,0.568,0.373,0.86
517,1,0.914,0.494,-0.42,0.564,0.375,0.866
518,1,2.462,0.56,-1.901,0.787,0.17,0.297
519,1,1.066,1.241,0.175,0.34,0.601,2.179
520,1,0.981,0.503,-0.478,0.565,0.374,0.863
521,1,1.141,2.648,1.507,0.192,0.753,4.405
522,1,1.049,1.275,0.226,0.336,0.605,2.211
523,1,0.969,1.287,0.318,0.33,0.611,2.272
524,1,0.917,0.542,-0.375,0.551,0.388,0.914
525,1,1,0.539,-0.461,0.557,0.382,0.895
526,1,0.986,0.57,-0.415,0.55,0.389,0.92
527,1,0.912,0.47,-0.442,0.573,0.366,0.834
528,1,1.366,0.545,-0.822,0.57,0.371,0.851
529,1,1.041,0.533,-0.508,0.56,0.379,0.882
530,1,0.915,0.501,-0.413,0.562,0.377,0.875
531,1,0.915,0.505,-0.41,0.561,0.378,0.878
532,1,1.098,1.883,0.786,0.308,0.635,2.51
533,1,0.808,0.546,-0.263,0.542,0.396,0.949
534,1,0.917,0.542,-0.375,0.551,0.388,0.914
535,1,1.366,0.545,-0.822,0.57,0.371,0.851
536,1,0.709,0.518,-0.19,0.536,0.401,0.967
537,1,1.366,0.545,-0.822,0.57,0.371,0.851
538,1,1,0.539,-0.461,0.557,0.382,0.895
539,1,0.639,0.539,-0.099,0.518,0.418,1.036
540,1,1.001,0.554,-0.447,0.554,0.385,0.906
541,1,0.708,0.502,-0.206,0.541,0.396,0.948
542,1,0.709,0.518,-0.19,0.536,0.401,0.967
543,1,7.658,0.557,-7.101,0.951,0.034,0.05
544,1,1.001,0.554,-0.447,0.554,0.385,0.906
545,1,0.917,0.548,-0.37,0.55,0.389,0.919
546,1,0.9,0.571,-0.329,0.545,0.394,0.94
547,1,1.05,1.29,0.241,0.335,0.606,2.221
548,1,0.639,0.545,-0.093,0.517,0.419,1.042
549,1,1.05,1.29,0.24,0.335,0.606,2.22
550,1,0.917,0.548,-0.37,0.55,0.389,0.919
551,1,0.917,0.542,-0.375,0.551,0.388,0.914
552,1,0.914,0.494,-0.42,0.564,0.375,0.866
553,1,5.232,0.534,-4.698,0.845,0.123,0.202
554,1,1.67,24.162,22.492,0.008,0.974,55.196
555,1,0.915,0.501,-0.413,0.562,0.377,0.875
556,1,0.709,0.518,-0.19,0.536,0.401,0.967
557,1,1.366,0.545,-0.822,0.57,0.371,0.851
558,1,1.041,0.533,-0.508,0.56,0.379,0.882
559,1,1,0.53,-0.469,0.559,0.38,0.887
560,1,1.993,0.555,-1.438,0.771,0.184,0.326
561,1,0.912,0.47,-0.442,0.573,0.366,0.834
562,1,2.446,0.515,-1.931,0.797,0.162,0.28
563,1,1.366,0.542,-0.824,0.571,0.37,0.849
564,1,1.366,0.542,-0.824,0.571,0.37,0.849
565,1,1,0.53,-0.469,0.559,0.38,0.887
566,1,0.639,0.545,-0.093,0.517,0.419,1.042
567,1,1.027,0.551,-0.476,0.556,0.384,0.899
568,1,0.709,0.516,-0.193,0.537,0.4,0.965
569,1,0.969,0.538,-0.43,0.555,0.384,0.9
570,1,0.915,0.503,-0.412,0.561,0.378,0.876
571,1,0.709,0.516,-0.193,0.537,0.4,0.965
572,1,0.915,0.505,-0.41,0.561,0.378,0.878
573,1,1.087,4.182,3.094,0.145,0.806,6.014
574,1,1.001,0.551,-0.45,0.555,0.385,0.904
575,1,0.915,0.503,-0.412,0.561,0.378,0.876
576,1,1.8,0.549,-1.251,0.763,0.191,0.341
577,1,0.914,0.497,-0.417,0.563,0.376,0.87
578,1,1.001,0.551,-0.45,0.555,0.385,0.904
579,1,0.978,0.47,-0.507,0.577,0.363,0.822
580,1,1.136,1.556,0.42,0.325,0.617,2.327
581,1,0.981,0.505,-0.476,0.565,0.375,0.865
582,1,0.966,1.195,0.229,0.336,0.605,2.209
583,1,13.934,19.16,5.227,0.224,0.578,1.98
584,1,0.969,0.538,-0.43,0.555,0.384,0.9
585,1,0.914,0.494,-0.42,0.564,0.375,0.866
586,1,0.709,0.516,-0.193,0.537,0.4,0.965
587,1,20.099,0.676,-19.424,0.983,0.011,0.015
588,1,0.981,0.505,-0.476,0.565,0.375,0.865
589,1,0.978,0.47,-0.507,0.577,0.363,0.822
590,1,1,0.539,-0.461,0.557,0.382,0.895
591,1,0.915,0.501,-0.413,0.562,0.377,0.875
592,1,1,0.53,-0.469,0.559,0.38,0.887
593,1,0.917,0.548,-0.37,0.55,0.389,0.919
594,1,0.917,0.548,-0.37,0.55,0.389,0.919
595,1,0.639,0.539,-0.099,0.518,0.418,1.036
596,1,1,0.54,-0.46,0.557,0.383,0.896
597,1,0.917,0.542,-0.375,0.551,0.388,0.914
598,1,1.114,0.535,-0.58,0.563,0.376,0.872
599,1,0.981,0.505,-0.476,0.565,0.375,0.865
600,1,0.978,0.47,-0.507,0.577,0.363,0.822
601,1,0.986,0.57,-0.415,0.55,0.389,0.92
602,1,0.981,0.505,-0.476,0.565,0.375,0.865
603,1,1.097,1.861,0.764,0.309,0.634,2.5
604,1,0.915,0.505,-0.41,0.561,0.378,0.878
605,1,0.915,0.501,-0.413,0.562,0.377,0.875
606,1,0.709,0.518,-0.19,0.536,0.401,0.967
607,1,1.041,0.53,-0.51,0.561,0.378,0.88
608,1,0.984,1.702,0.718,0.308,0.634,2.503
609,1,0.915,0.503,-0.412,0.561,0.378,0.876
610,1,0.917,0.542,-0.375,0.551,0.388,0.914
611,1,0.914,0.494,-0.42,0.564,0.375,0.866
612,1,1.002,0.561,-0.441,0.553,0.387,0.911
613,1,1.137,1.556,0.419,0.325,0.617,2.326
614,1,0.917,0.548,-0.37,0.55,0.389,0.919
615,1,0.917,0.542,-0.375,0.551,0.388,0.914
616,1,0.709,0.518,-0.19,0.536,0.401,0.967
617,1,0.709,0.538,-0.171,0.531,0.406,0.987
618,1,7.28,1.479,-5.801,0.713,0.226,0.421
619,1,1.368,0.557,-0.811,0.568,0.373,0.86
620,1,0.639,0.539,-0.099,0.518,0.418,1.036
621,1,0.957,1.018,0.061,0.351,0.589,2.069
622,1,1.248,13.164,11.916,0.022,0.952,28.683
623,1,0.915,0.503,-0.412,0.561,0.378,0.876
624,1,6.125,0.582,-5.543,0.848,0.12,0.198
625,1,0.997,0.499,-0.498,0.567,0.372,0.855
626,1,0.981,0.503,-0.478,0.565,0.374,0.863
627,1,1.001,0.551,-0.45,0.555,0.385,0.904
628,1,1.366,0.542,-0.824,0.571,0.37,0.849
629,1,0.914,0.494,-0.42,0.564,0.375,0.866
630,1,0.915,0.505,-0.41,0.561,0.378,0.878
631,1,0.912,0.47,-0.442,0.573,0.366,0.834
632,1,0.915,0.505,-0.41,0.561,0.378,0.878
633,1,1.8,0.553,-1.247,0.579,0.363,0.822
634,1,0.914,0.497,-0.417,0.563,0.376,0.87
635,1,0.917,0.542,-0.375,0.551,0.388,0.914
636,1,1.002,0.561,-0.441,0.553,0.387,0.911
637,1,0.915,0.501,-0.413,0.562,0.377,0.875
638,1,0.981,0.505,-0.476,0.565,0.375,0.865
639,1,0.917,0.548,-0.37,0.55,0.389,0.919
640,1,0.915,0.501,-0.413,0.562,0.377,0.875
641,1,1.001,0.554,-0.447,0.554,0.385,0.906
642,1,0.917,0.542,-0.375,0.551,0.388,0.914
643,1,1,0.53,-0.469,0.559,0.38,0.887
644,1,1.366,0.542,-0.824,0.571,0.37,0.849
645,1,0.981,0.505,-0.476,0.565,0.375,0.865
646,1,0.914,0.497,-0.417,0.563,0.376,0.87
647,1,0.981,0.503,-0.478,0.565,0.374,0.863
648,1,1.803,0.555,-1.248,0.762,0.192,0.343
649,1,1,0.539,-0.461,0.557,0.382,0.895
650,1,0.9,0.571,-0.329,0.545,0.394,0.94
651,1,1.114,0.535,-0.58,0.563,0.376,0.872
652,1,0.818,0.547,-0.271,0.542,0.396,0.946
653,1,0.915,0.503,-0.412,0.561,0.378,0.876
654,1,1.368,0.557,-0.811,0.568,0.373,0.86
655,1,1.002,0.561,-0.441,0.553,0.387,0.911
656,1,0.639,0.539,-0.099,0.518,0.418,1.036
657,1,0.709,0.518,-0.19,0.536,0.401,0.967
658,1,0.709,0.518,-0.19,0.536,0.401,0.967
659,1,0.984,0.544,-0.44,0.555,0.384,0.901
660,1,1.002,0.561,-0.441,0.553,0.387,0.911
661,1,1.042,0.544,-0.498,0.558,0.381,0.891
662,1,1,0.539,-0.461,0.557,0.382,0.895
663,1,0.709,0.516,-0.193,0.537,0.4,0.965
664,1,1.114,0.535,-0.58,0.563,0.376,0.872
665,1,0.638,0.469,-0.169,0.54,0.395,0.944
666,1,0.969,0.538,-0.43,0.555,0.384,0.9
667,1,0.917,0.548,-0.37,0.55,0.389,0.919
668,1,0.981,0.503,-0.478,0.565,0.374,0.863
669,1,0.917,0.548,-0.37,0.55,0.389,0.919
670,1,1.114,0.535,-0.58,0.563,0.376,0.872
671,1,0.709,0.538,-0.171,0.531,0.406,0.987
672,1,0.915,0.503,-0.412,0.561,0.378,0.876
673,1,1,0.54,-0.46,0.557,0.383,0.896
674,1,1.002,0.561,-0.441,0.553,0.387,0.911
675,1,1.041,0.53,-0.51,0.561,0.378,0.88
676,1,0.915,0.505,-0.41,0.561,0.378,0.878
677,1,1.041,0.53,-0.51,0.561,0.378,0.88
678,1,0.969,1.288,0.319,0.33,0.611,2.272
679,1,1.041,0.533,-0.508,0.56,0.379,0.882
680,1,5.25,0.531,-4.719,0.846,0.122,0.201
681,1,1.066,1.236,0.169,0.34,0.601,2.175
682,1,2.453,0.537,-1.916,0.792,0.167,0.289
683,1,0.709,0.522,-0.187,0.535,0.402,0.971
684,1,0.981,0.503,-0.478,0.565,0.374,0.863
685,1,0.914,0.497,-0.417,0.563,0.376,0.87
686,1,1,0.54,-0.46,0.557,0.383,0.896
687,1,0.984,0.542,-0.442,0.555,0.384,0.9
688,1,0.915,0.503,-0.412,0.561,0.378,0.876
689,1,1,0.54,-0.46,0.557,0.383,0.896
690,1,1.366,0.542,-0.824,0.571,0.37,0.849
691,1,1.797,0.507,-1.29,0.773,0.182,0.321
692,1,0.646,0.537,-0.109,0.521,0.416,1.028
693,1,0.969,0.538,-0.43,0.555,0.384,0.9
694,1,0.638,0.501,-0.137,0.529,0.407,0.993
695,1,0.71,0.558,-0.151,0.527,0.41,1.004
696,1,0.915,0.505,-0.41,0.561,0.378,0.878
697,1,1.783,0.499,-1.284,0.592,0.35,0.778
698,1,0.984,0.544,-0.44,0.555,0.384,0.901
699,1,0.914,0.494,-0.42,0.564,0.375,0.866
700,1,0.917,0.548,-0.37,0.55,0.389,0.919
701,1,1.049,1.273,0.225,0.336,0.605,2.21
702,1,1.588,1.891,0.303,0.329,0.613,2.291
703,1,1.001,0.554,-0.447,0.554,0.385,0.906
704,1,0.984,0.544,-0.44,0.555,0.384,0.901
705,1,0.917,0.542,-0.375,0.551,0.388,0.914
706,1,0.915,0.503,-0.412,0.561,0.378,0.876
707,1,2.499,0.577,-1.922,0.785,0.172,0.3
708,1,0.915,0.501,-0.413,0.562,0.377,0.875
709,1,1.001,0.554,-0.447,0.554,0.385,0.906
710,1,0.709,0.518,-0.19,0.536,0.401,0.967
711,1,0.915,0.501,-0.413,0.562,0.377,0.875
712,1,0.969,0.538,-0.43,0.555,0.384,0.9
713,1,0.638,0.501,-0.137,0.529,0.407,0.993
714,1,1.114,0.535,-0.58,0.563,0.376,0.872
715,1,0.638,0.469,-0.169,0.54,0.395,0.944
716,1,0.981,0.505,-0.476,0.565,0.375,0.865
717,1,1.001,0.554,-0.447,0.554,0.385,0.906
718,1,1,0.53,-0.469,0.559,0.38,0.887
719,1,0.915,0.505,-0.41,0.561,0.378,0.878
720,1,0.969,0.538,-0.43,0.555,0.384,0.9
721,1,1,0.541,-0.46,0.557,0.383,0.896
722,1,0.917,0.542,-0.375,0.551,0.388,0.914
723,1,0.638,0.503,-0.136,0.528,0.408,0.995
724,1,1.049,1.29,0.24,0.335,0.606,2.22
725,1,1.368,0.557,-0.811,0.568,0.373,0.86
726,1,1.047,1.652,0.605,0.315,0.627,2.431
727,1,0.71,0.543,-0.166,0.53,0.407,0.991
728,1,0.978,0.47,-0.507,0.577,0.363,0.822
729,1,3.768,0.569,-3.198,0.817,0.145,0.245
730,1,0.968,1.261,0.293,0.332,0.609,2.255
731,1,1.783,0.499,-1.284,0.592,0.35,0.778
732,1,0.648,1.278,0.629,0.291,0.652,2.708
733,1,1.041,0.533,-0.508,0.56,0.379,0.882
734,1,0.981,0.505,-0.476,0.565,0.375,0.865
735,1,0.984,0.544,-0.44,0.555,0.384,0.901
736,1,0.984,0.542,-0.442,0.555,0.384,0.9
737,1,1.001,0.551,-0.45,0.555,0.385,0.904
738,1,1,0.539,-0.461,0.557,0.382,0.895
739,1,0.981,0.505,-0.476,0.565,0.375,0.865
740,1,1.783,0.499,-1.284,0.592,0.35,0.778
741,1,0.71,0.558,-0.151,0.527,0.41,1.004
742,1,0.969,0.538,-0.43,0.555,0.384,0.9
743,1,1,0.539,-0.461,0.557,0.382,0.895
744,1,0.917,0.548,-0.37,0.55,0.389,0.919
745,1,1.001,0.551,-0.45,0.555,0.385,0.904
746,1,0.984,0.544,-0.44,0.555,0.384,0.901
747,1,0.915,0.505,-0.41,0.561,0.378,0.878
748,1,1.588,1.9,0.312,0.329,0.614,2.295
749,1,0.709,0.538,-0.171,0.531,0.406,0.987
750,1,2.448,0.523,-1.925,0.795,0.164,0.283
751,1,1.097,1.861,0.764,0.309,0.634,2.5
752,1,5.21,0.521,-4.688,0.847,0.121,0.199
753,1,0.808,0.546,-0.263,0.542,0.396,0.949
754,1,0.808,0.546,-0.263,0.542,0.396,0.949
755,1,1.366,0.542,-0.824,0.571,0.37,0.849
756,1,1.002,0.561,-0.441,0.553,0.387,0.911
757,1,0.639,0.545,-0.093,0.517,0.419,1.042
758,1,1,0.54,-0.46,0.557,0.383,0.896
759,1,1,0.53,-0.469,0.559,0.38,0.887
760,1,1,0.539,-0.461,0.557,0.382,0.895
761,1,0.981,0.505,-0.476,0.565,0.375,0.865
762,1,1.366,0.542,-0.824,0.571,0.37,0.849
763,1,4.985,0.616,-4.369,0.83,0.135,0.225
764,1,1.366,0.545,-0.822,0.57,0.371,0.851
765,1,0.914,0.497,-0.417,0.563,0.376,0.87
766,1,0.915,0.503,-0.412,0.561,0.378,0.876
767,1,0.9,0.571,-0.329,0.545,0.394,0.94
768,1,0.915,0.505,-0.41,0.561,0.378,0.878
769,1,0.986,0.57,-0.415,0.55,0.389,0.92
770,1,1.114,0.535,-0.58,0.563,0.376,0.872
771,1,0.915,0.503,-0.412,0.561,0.378,0.876
772,1,0.917,0.542,-0.375,0.551,0.388,0.914
773,1,1.368,0.557,-0.811,0.568,0.373,0.86
774,1,1.366,0.542,-0.824,0.571,0.37,0.849
775,1,2.45,0.53,-1.919,0.793,0.165,0.286
776,1,1.366,0.545,-0.822,0.57,0.371,0.851
777,1,0.709,0.518,-0.19,0.536,0.401,0.967
778,1,1.798,0.511,-1.287,0.773,0.183,0.323
779,1,1.366,0.542,-0.824,0.571,0.37,0.849
780,1,1.368,0.557,-0.811,0.568,0.373,0.86
781,1,0.917,0.542,-0.375,0.551,0.388,0.914
782,1,1,0.53,-0.469,0.559,0.38,0.887
783,1,0.981,0.503,-0.478,0.565,0.374,0.863
784,1,1.366,0.542,-0.824,0.571,0.37,0.849
785,1,0.639,0.539,-0.099,0.518,0.418,1.036
786,1,1.366,0.545,-0.822,0.57,0.371,0.851
787,1,1.366,0.542,-0.824,0.571,0.37,0.849
788,1,0.969,0.538,-0.43,0.555,0.384,0.9
789,1,2.459,0.577,-1.883,0.784,0.173,0.302
790,1,1.366,0.545,-0.822,0.57,0.371,0.851
791,1,0.981,0.505,-0.476,0.565,0.375,0.865
792,1,0.978,0.47,-0.507,0.577,0.363,0.822
793,1,0.978,0.47,-0.507,0.577,0.363,0.822
794,1,1.047,1.651,0.604,0.315,0.627,2.431
795,1,1.366,0.545,-0.822,0.57,0.371,0.851
796,1,1.487,15.598,14.111,0.021,0.952,28.818
797,1,1,0.53,-0.469,0.559,0.38,0.887
798,1,0.917,0.548,-0.37,0.55,0.389,0.919
799,1,0.917,0.548,-0.37,0.55,0.389,0.919
800,1,1,0.53,-0.469,0.559,0.38,0.887
801,1,1.001,0.554,-0.447,0.554,0.385,0.906
802,1,1,0.53,-0.469,0.559,0.38,0.887
803,1,0.984,0.544,-0.44,0.555,0.384,0.901
804,1,1.366,0.542,-0.824,0.571,0.37,0.849
805,1,1.114,0.535,-0.58,0.563,0.376,0.872
806,1,0.9,0.571,-0.329,0.545,0.394,0.94
807,1,0.978,0.47,-0.507,0.577,0.363,0.822
808,1,1.001,0.551,-0.45,0.555,0.385,0.904
809,1,0.978,0.47,-0.507,0.577,0.363,0.822
810,1,1.069,1.725,0.655,0.313,0.629,2.452
811,1,1.366,0.545,-0.822,0.57,0.371,0.851
812,1,1.033,1.019,-0.014,0.357,0.583,2.024
813,1,0.709,0.509,-0.199,0.539,0.398,0.957
814,1,1.041,0.533,-0.508,0.56,0.379,0.882
815,1,0.882,0.536,-0.345,0.55,0.389,0.918
816,1,0.984,0.544,-0.44,0.555,0.384,0.901
817,1,1,0.53,-0.469,0.559,0.38,0.887
818,1,0.969,0.538,-0.43,0.555,0.384,0.9
819,1,1.368,0.557,-0.811,0.568,0.373,0.86
820,1,6.692,0.602,-6.09,0.851,0.118,0.193
821,1,0.71,0.543,-0.166,0.53,0.407,0.991
822,1,0.914,0.494,-0.42,0.564,0.375,0.866
823,1,0.708,0.502,-0.206,0.541,0.396,0.948
824,1,0.709,0.518,-0.19,0.536,0.401,0.967
825,1,1.366,0.545,-0.822,0.57,0.371,0.851
826,1,3.775,0.569,-3.205,0.817,0.145,0.245
827,1,0.981,0.505,-0.476,0.565,0.375,0.865
828,1,0.914,0.494,-0.42,0.564,0.375,0.866
829,1,1.199,4.077,2.879,0.153,0.797,5.658
830,1,1.001,0.551,-0.45,0.555,0.385,0.904
831,1,0.915,0.503,-0.412,0.561,0.378,0.876
832,1,0.639,0.545,-0.093,0.517,0.419,1.042
833,1,0.708,0.502,-0.206,0.541,0.396,0.948
834,1,0.646,0.537,-0.109,0.521,0.416,1.028
835,1,1.366,0.545,-0.822,0.57,0.371,0.851
836,1,1.366,0.542,-0.824,0.571,0.37,0.849
837,1,1.002,0.561,-0.441,0.553,0.387,0.911
838,1,0.917,0.548,-0.37,0.55,0.389,0.919
839,1,1.001,0.551,-0.45,0.555,0.385,0.904
840,1,0.709,0.538,-0.171,0.531,0.406,0.987
841,1,0.914,0.494,-0.42,0.564,0.375,0.866
842,1,0.917,0.548,-0.37,0.55,0.389,0.919
843,1,1.095,1.815,0.72,0.311,0.632,2.48
844,1,6.053,0.581,-5.472,0.847,0.121,0.199
845,1,0.915,0.503,-0.412,0.561,0.378,0.876
846,1,0.915,0.503,-0.412,0.561,0.378,0.876
847,1,1.027,0.551,-0.476,0.556,0.384,0.899
848,1,0.709,0.516,-0.193,0.537,0.4,0.965
849,1,0.638,0.492,-0.146,0.531,0.404,0.981
850,1,0.969,0.538,-0.43,0.555,0.384,0.9
851,1,1,0.539,-0.461,0.557,0.382,0.895
852,1,1.049,1.273,0.225,0.336,0.605,2.21
853,1,33.106,2.82,-30.286,0.971,0.01,0.015
854,1,1.041,0.533,-0.508,0.56,0.379,0.882
855,1,1,0.53,-0.469,0.559,0.38,0.887
856,1,2.45,0.533,-1.917,0.792,0.166,0.287
857,1,0.639,0.545,-0.093,0.517,0.419,1.042
858,1,0.965,1.193,0.228,0.336,0.605,2.208
859,1,0.915,0.505,-0.41,0.561,0.378,0.878
860,1,0.917,0.542,-0.375,0.551,0.388,0.914
861,1,0.808,0.546,-0.263,0.542,0.396,0.949
862,1,0.978,0.47,-0.507,0.577,0.363,0.822
863,1,0.912,0.47,-0.442,0.573,0.366,0.834
864,1,3.638,0.574,-3.063,0.814,0.148,0.251
865,1,0.638,0.492,-0.146,0.531,0.404,0.981
866,1,0.981,0.505,-0.476,0.565,0.375,0.865
867,1,1.001,0.551,-0.45,0.555,0.385,0.904
868,1,1.368,0.557,-0.811,0.568,0.373,0.86
869,1,1.783,0.499,-1.284,0.592,0.35,0.778
870,1,0.969,0.538,-0.43,0.555,0.384,0.9
871,1,0.915,0.503,-0.412,0.561,0.378,0.876
872,1,1.366,0.542,-0.824,0.571,0.37,0.849
873,1,0.71,0.558,-0.151,0.527,0.41,1.004
874,1,0.915,0.505,-0.41,0.561,0.378,0.878
875,1,0.915,0.501,-0.413,0.562,0.377,0.875
876,1,0.982,0.503,-0.478,0.565,0.374,0.863
877,1,0.661,0.543,-0.118,0.522,0.414,1.022
878,1,0.9,0.571,-0.329,0.545,0.394,0.94
879,1,4.159,1.371,-2.787,0.649,0.281,0.565
880,1,0.917,0.548,-0.37,0.55,0.389,0.919
881,1,0.981,0.505,-0.476,0.565,0.375,0.865
882,1,0.646,0.537,-0.109,0.521,0.416,1.028
883,1,1.087,4.177,3.09,0.145,0.806,6.01
884,1,0.915,0.501,-0.413,0.562,0.377,0.875
885,1,0.917,0.548,-0.37,0.55,0.389,0.919
886,1,1.8,0.553,-1.247,0.579,0.363,0.822
887,1,0.638,0.503,-0.136,0.528,0.408,0.995
888,1,1,0.53,-0.469,0.559,0.38,0.887
889,1,0.917,0.548,-0.37,0.55,0.389,0.919
890,1,0.981,0.503,-0.478,0.565,0.374,0.863
891,1,0.917,0.548,-0.37,0.55,0.389,0.919
892,1,0.968,1.271,0.302,0.331,0.61,2.261
893,1,1.049,1.273,0.225,0.336,0.605,2.21
894,1,0.9,0.571,-0.329,0.545,0.394,0.94
895,1,1.366,0.542,-0.824,0.571,0.37,0.849
896,1,1.114,0.535,-0.58,0.563,0.376,0.872
897,1,0.978,0.47,-0.507,0.577,0.363,0.822
898,1,1,0.53,-0.469,0.559,0.38,0.887
899,1,0.915,0.503,-0.412,0.561,0.378,0.876
900,1,1.783,0.499,-1.284,0.592,0.35,0.778
901,1,1.366,0.542,-0.824,0.571,0.37,0.849
902,1,1.783,0.499,-1.284,0.592,0.35,0.778
903,1,0.915,0.503,-0.412,0.561,0.378,0.876
904,1,1.002,0.561,-0.441,0.553,0.387,0.911
905,1,0.882,0.536,-0.345,0.55,0.389,0.918
906,1,1,0.53,-0.469,0.559,0.38,0.887
907,1,1.001,0.554,-0.447,0.554,0.385,0.906
908,1,0.917,0.548,-0.37,0.55,0.389,0.919
909,1,0.969,0.538,-0.43,0.555,0.384,0.9
910,1,0.986,0.57,-0.415,0.55,0.389,0.92
911,1,0.917,0.542,-0.375,0.551,0.388,0.914
912,1,0.981,0.505,-0.476,0.565,0.375,0.865
913,1,1.041,0.53,-0.51,0.561,0.378,0.88
914,1,1.001,0.554,-0.447,0.554,0.385,0.906
915,1,0.917,0.542,-0.375,0.551,0.388,0.914
916,1,0.638,0.492,-0.146,0.531,0.404,0.981
917,1,1.002,0.561,-0.441,0.553,0.387,0.911
918,1,1.042,0.544,-0.498,0.558,0.381,0.891
919,1,0.709,0.518,-0.19,0.536,0.401,0.967
920,1,1.366,0.542,-0.824,0.571,0.37,0.849
921,1,1.366,0.545,-0.822,0.57,0.371,0.851
922,1,0.808,0.546,-0.263,0.542,0.396,0.949
923,1,0.969,0.538,-0.43,0.555,0.384,0.9
924,1,0.638,0.501,-0.137,0.529,0.407,0.993
925,1,2.45,0.533,-1.917,0.792,0.166,0.287
926,1,1.366,0.542,-0.824,0.571,0.37,0.849
927,1,1,0.53,-0.469,0.559,0.38,0.887
928,1,1.001,0.554,-0.447,0.554,0.385,0.906
929,1,1,0.54,-0.46,0.557,0.383,0.896
930,1,17.57,0.598,-16.971,0.981,0.012,0.018
931,1,0.969,0.538,-0.43,0.555,0.384,0.9
932,1,0.639,0.545,-0.093,0.517,0.419,1.042
933,1,1.366,0.545,-0.822,0.57,0.371,0.851
934,1,0.969,0.538,-0.43,0.555,0.384,0.9
935,1,1.366,0.542,-0.824,0.571,0.37,0.849
936,1,2.451,0.531,-1.921,0.793,0.165,0.286
937,1,0.984,0.544,-0.44,0.555,0.384,0.901
938,1,0.914,0.494,-0.42,0.564,0.375,0.866
939,1,0.969,1.261,0.293,0.332,0.609,2.255
940,1,1.795,0.507,-1.287,0.773,0.182,0.321
941,1,0.981,0.505,-0.476,0.565,0.375,0.865
942,1,0.981,0.503,-0.478,0.565,0.374,0.863
943,1,1.089,1.68,0.591,0.316,0.626,2.419
944,1,0.981,0.503,-0.478,0.565,0.374,0.863
945,1,0.914,0.494,-0.42,0.564,0.375,0.866
946,1,0.986,0.57,-0.415,0.55,0.389,0.92
947,1,1.366,0.545,-0.822,0.57,0.371,0.851
948,1,0.914,0.494,-0.42,0.564,0.375,0.866
949,1,1.366,0.542,-0.824,0.571,0.37,0.849
950,1,1.095,1.817,0.722,0.311,0.632,2.481
951,1,0.818,0.541,-0.277,0.544,0.395,0.941
952,1,1.801,0.549,-1.252,0.763,0.191,0.34
953,1,2.45,0.533,-1.917,0.792,0.166,0.287
954,1,0.997,0.499,-0.498,0.567,0.372,0.855
955,1,1.001,0.554,-0.447,0.554,0.385,0.906
956,1,0.981,0.503,-0.478,0.565,0.374,0.863
957,1,1.366,0.542,-0.824,0.571,0.37,0.849
958,1,0.915,0.503,-0.412,0.561,0.378,0.876
959,1,0.9,0.571,-0.329,0.545,0.394,0.94
960,1,0.709,0.518,-0.19,0.536,0.401,0.967
961,1,0.817,0.504,-0.313,0.553,0.385,0.904
962,1,0.914,0.494,-0.42,0.564,0.375,0.866
963,1,0.917,0.542,-0.375,0.551,0.388,0.914
964,1,1.366,0.545,-0.822,0.57,0.371,0.851
965,1,1.366,0.542,-0.824,0.571,0.37,0.849
966,1,0.914,0.494,-0.42,0.564,0.375,0.866
967,1,0.709,0.509,-0.199,0.539,0.398,0.957
968,1,0.638,0.5,-0.139,0.529,0.407,0.991
969,1,1.366,0.545,-0.822,0.57,0.371,0.851
970,1,1,0.53,-0.469,0.559,0.38,0.887
971,1,0.917,0.548,-0.37,0.55,0.389,0.919
972,1,0.981,0.503,-0.478,0.565,0.374,0.863
973,1,0.969,0.538,-0.43,0.555,0.384,0.9
974,1,0.984,0.544,-0.44,0.555,0.384,0.901
975,1,1,0.54,-0.46,0.557,0.383,0.896
976,1,0.917,0.542,-0.375,0.551,0.388,0.914
977,1,0.9,0.571,-0.329,0.545,0.394,0.94
978,1,1.001,0.554,-0.447,0.554,0.385,0.906
979,1,6.692,0.602,-6.09,0.851,0.118,0.193
980,1,0.646,0.537,-0.109,0.521,0.416,1.028
981,1,0.914,0.494,-0.42,0.564,0.375,0.866
982,1,0.984,0.544,-0.44,0.555,0.384,0.901
983,1,0.914,0.497,-0.417,0.563,0.376,0.87
984,1,0.914,0.494,-0.42,0.564,0.375,0.866
985,1,0.709,0.516,-0.193,0.537,0.4,0.965
986,1,1.366,0.545,-0.822,0.57,0.371,0.851
987,1,0.917,0.542,-0.375,0.551,0.388,0.914
988,1,1.042,0.544,-0.498,0.558,0.381,0.891
989,1,0.915,0.503,-0.412,0.561,0.378,0.876
990,1,1.368,0.557,-0.811,0.568,0.373,0.86
991,1,0.818,0.541,-0.277,0.544,0.395,0.941
992,1,1.366,0.542,-0.824,0.571,0.37,0.849
993,1,0.969,0.538,-0.43,0.555,0.384,0.9
994,1,1.001,0.551,-0.45,0.555,0.385,0.904
995,1,0.882,0.536,-0.345,0.55,0.389,0.918
996,1,0.808,0.546,-0.263,0.542,0.396,0.949
997,1,0.646,0.537,-0.109,0.521,0.416,1.028
998,1,0.981,0.505,-0.476,0.565,0.375,0.865
999,1,0.639,0.545,-0.093,0.517,0.419,1.042
1000,1,1.027,0.551,-0.476,0.556,0.384,0.899
1001,1,0.914,0.494,-0.42,0.564,0.375,0.866
1002,1,1.366,0.542,-0.824,0.571,0.37,0.849
1003,1,1,0.54,-0.46,0.557,0.383,0.896
1004,1,0.808,0.546,-0.263,0.542,0.396,0.949
1005,1,1.041,0.53,-0.51,0.561,0.378,0.88
1006,1,0.981,0.505,-0.476,0.565,0.375,0.865
1007,1,1.002,0.561,-0.441,0.553,0.387,0.911
1008,1,0.818,0.541,-0.277,0.544,0.395,0.941
1009,1,0.969,1.288,0.319,0.33,0.611,2.273
1010,1,1.366,0.542,-0.824,0.571,0.37,0.849
1011,1,1.366,0.542,-0.824,0.571,0.37,0.849
1012,1,0.9,0.571,-0.329,0.545,0.394,0.94
1013,1,0.969,0.538,-0.43,0.555,0.384,0.9
1014,1,1.128,1.82,0.692,0.312,0.63,2.462
1015,1,0.915,0.503,-0.412,0.561,0.378,0.876
1016,1,0.981,0.503,-0.478,0.565,0.374,0.863
1017,1,1.368,0.557,-0.811,0.568,0.373,0.86
1018,1,0.646,0.537,-0.109,0.521,0.416,1.028
1019,1,1.027,0.551,-0.476,0.556,0.384,0.899
1020,1,0.915,0.503,-0.412,0.561,0.378,0.876
1021,1,0.915,0.501,-0.413,0.562,0.377,0.875
1022,1,0.915,0.503,-0.412,0.561,0.378,0.876
1023,1,1.001,0.554,-0.447,0.554,0.385,0.906
1024,1,0.914,0.494,-0.42,0.564,0.375,0.866
1025,1,0.915,0.503,-0.412,0.561,0.378,0.876
1026,1,5.231,0.532,-4.699,0.845,0.122,0.201
1027,1,0.915,0.505,-0.41,0.561,0.378,0.878
1028,1,1.366,0.545,-0.822,0.57,0.371,0.851
1029,1,1.783,0.499,-1.284,0.592,0.35,0.778
1030,1,0.984,0.544,-0.44,0.555,0.384,0.901
1031,1,1.042,0.544,-0.498,0.558,0.381,0.891
1032,1,1,0.539,-0.461,0.557,0.382,0.895
1033,1,0.984,0.542,-0.442,0.555,0.384,0.9
1034,1,0.914,0.494,-0.42,0.564,0.375,0.866
1035,1,0.986,0.57,-0.415,0.55,0.389,0.92
1036,1,1.366,0.542,-0.824,0.571,0.37,0.849
1037,1,0.984,0.544,-0.44,0.555,0.384,0.901
1038,1,1.366,0.545,-0.822,0.57,0.371,0.851
1039,1,1.027,0.551,-0.476,0.556,0.384,0.899
1040,1,0.917,0.542,-0.375,0.551,0.388,0.914
1041,1,1.001,0.551,-0.45,0.555,0.385,0.904
1042,1,1,0.53,-0.469,0.559,0.38,0.887
1043,1,1,0.539,-0.461,0.557,0.382,0.895
1044,1,0.986,0.57,-0.415,0.55,0.389,0.92
1045,1,1.137,1.589,0.452,0.323,0.619,2.343
1046,1,0.639,0.545,-0.093,0.517,0.419,1.042
1047,1,1.002,0.561,-0.441,0.553,0.387,0.911
1048,1,0.997,0.499,-0.498,0.567,0.372,0.855
1049,1,0.914,0.494,-0.42,0.564,0.375,0.866
1050,1,1.783,0.499,-1.284,0.592,0.35,0.778
1051,1,0.638,0.5,-0.139,0.529,0.407,0.991
1052,1,0.708,0.502,-0.206,0.541,0.396,0.948
1053,1,0.912,0.47,-0.442,0.573,0.366,0.834
1054,1,1.041,0.53,-0.51,0.561,0.378,0.88
1055,1,0.984,0.544,-0.44,0.555,0.384,0.901
1056,1,0.981,0.503,-0.478,0.565,0.374,0.863
1057,1,0.912,0.47,-0.442,0.573,0.366,0.834
1058,1,0.997,0.499,-0.498,0.567,0.372,0.855
1059,1,0.917,0.548,-0.37,0.55,0.389,0.919
1060,1,0.984,0.542,-0.442,0.555,0.384,0.9
1061,1,1.801,0.549,-1.252,0.763,0.191,0.34
1062,1,0.708,0.502,-0.206,0.541,0.396,0.948
1063,1,0.808,0.546,-0.263,0.542,0.396,0.949
1064,1,0.997,0.499,-0.498,0.567,0.372,0.855
1065,1,4.292,1.872,-2.42,0.615,0.307,0.641
1066,1,0.915,0.505,-0.41,0.561,0.378,0.878
1067,1,1.002,0.561,-0.441,0.553,0.387,0.911
1068,1,0.639,0.539,-0.099,0.518,0.418,1.036
1069,1,0.912,0.47,-0.442,0.573,0.366,0.834
1070,1,0.981,0.503,-0.478,0.565,0.374,0.863
1071,1,1.366,0.542,-0.824,0.571,0.37,0.849
1072,1,1.368,0.557,-0.811,0.568,0.373,0.86
1073,1,1.041,0.533,-0.508,0.56,0.379,0.882
1074,1,2.452,0.533,-1.919,0.793,0.166,0.287
1075,1,0.708,0.502,-0.206,0.541,0.396,0.948
1076,1,0.981,0.505,-0.476,0.565,0.375,0.865
1077,1,0.915,0.505,-0.41,0.561,0.378,0.878
1078,1,0.968,1.27,0.302,0.331,0.61,2.261
1079,1,0.957,1.018,0.061,0.351,0.589,2.069
1080,1,0.638,0.501,-0.137,0.529,0.407,0.993
1081,1,0.969,0.538,-0.43,0.555,0.384,0.9
1082,1,1,0.539,-0.461,0.557,0.382,0.895
1083,1,0.997,0.499,-0.498,0.567,0.372,0.855
1084,1,1.001,0.551,-0.45,0.555,0.385,0.904
1085,1,6.415,0.627,-5.788,0.845,0.122,0.2
1086,1,1.366,0.545,-0.822,0.57,0.371,0.851
1087,1,0.981,0.503,-0.478,0.565,0.374,0.863
1088,1,0.724,1.079,0.354,0.32,0.621,2.37
1089,1,1,0.53,-0.469,0.559,0.38,0.887
1090,1,0.912,0.47,-0.442,0.573,0.366,0.834
1091,1,0.914,0.497,-0.417,0.563,0.376,0.87
1092,1,1.368,0.557,-0.811,0.568,0.373,0.86
1093,1,0.917,0.548,-0.37,0.55,0.389,0.919
1094,1,0.639,0.539,-0.099,0.518,0.418,1.036
1095,1,1,0.53,-0.469,0.559,0.38,0.887
1096,1,0.917,0.542,-0.375,0.551,0.388,0.914
1097,1,0.984,0.544,-0.44,0.555,0.384,0.901
1098,1,1.001,0.554,-0.447,0.554,0.385,0.906
1099,1,0.639,0.545,-0.093,0.517,0.419,1.042
1100,1,0.981,0.505,-0.476,0.565,0.375,0.865
1101,1,2.445,0.49,-1.955,0.804,0.156,0.268
1102,1,1.8,0.553,-1.247,0.579,0.363,0.822
1103,1,1,0.53,-0.469,0.559,0.38,0.887
1104,1,0.984,0.542,-0.442,0.555,0.384,0.9
1105,1,0.981,0.505,-0.476,0.565,0.375,0.865
1106,1,1.366,0.542,-0.824,0.571,0.37,0.849
1107,1,0.882,0.536,-0.345,0.55,0.389,0.918
1108,1,1.001,0.554,-0.447,0.554,0.385,0.906
1109,1,1,0.53,-0.469,0.559,0.38,0.887
1110,1,1.002,0.561,-0.441,0.553,0.387,0.911
1111,1,1.368,0.557,-0.811,0.568,0.373,0.86
1112,1,0.978,0.47,-0.507,0.577,0.363,0.822
1113,1,1.366,0.542,-0.824,0.571,0.37,0.849
1114,1,2.004,1.701,-0.303,0.524,0.397,0.952
1115,1,0.969,0.538,-0.43,0.555,0.384,0.9
1116,1,0.969,1.288,0.319,0.33,0.611,2.272
1117,1,0.981,0.505,-0.476,0.565,0.375,0.865
1118,1,0.728,1.416,0.688,0.297,0.646,2.637
1119,1,0.709,0.518,-0.19,0.536,0.401,0.967
1120,1,6.512,0.541,-5.971,0.858,0.112,0.183
1121,1,1,0.53,-0.469,0.559,0.38,0.887
1122,1,0.861,1.696,0.835,0.299,0.644,2.617
1123,1,5.23,0.531,-4.699,0.845,0.122,0.201
1124,1,0.986,1.783,0.796,0.305,0.638,2.542
1125,1,0.709,0.518,-0.19,0.536,0.401,0.967
1126,1,1,0.539,-0.461,0.557,0.382,0.895
1127,1,1.001,0.551,-0.45,0.555,0.385,0.904
1128,1,0.917,0.542,-0.375,0.551,0.388,0.914
1129,1,1.069,1.707,0.637,0.314,0.628,2.443
1130,1,1.114,0.535,-0.58,0.563,0.376,0.872
1131,1,0.986,0.57,-0.415,0.55,0.389,0.92
1132,1,0.969,0.538,-0.43,0.555,0.384,0.9
1133,1,0.639,0.539,-0.099,0.518,0.418,1.036
1134,1,0.709,0.518,-0.19,0.536,0.401,0.967
1135,1,0.709,0.518,-0.19,0.536,0.401,0.967
1136,1,0.981,0.505,-0.476,0.565,0.375,0.865
1137,1,0.917,0.542,-0.375,0.551,0.388,0.914
1138,1,1.002,0.561,-0.441,0.553,0.387,0.911
1139,1,1.001,0.551,-0.45,0.555,0.385,0.904
1140,1,0.912,0.47,-0.442,0.573,0.366,0.834
1141,1,0.808,0.546,-0.263,0.542,0.396,0.949
1142,1,1.366,0.542,-0.824,0.571,0.37,0.849
1143,1,0.912,0.47,-0.442,0.573,0.366,0.834
1144,1,1.368,0.557,-0.811,0.568,0.373,0.86
1145,1,0.9,0.571,-0.329,0.545,0.394,0.94
1146,1,21.427,0.706,-20.721,0.984,0.01,0.014
1147,1,0.984,0.544,-0.44,0.555,0.384,0.901
1148,1,2.446,0.515,-1.931,0.797,0.162,0.28
1149,1,1.041,0.533,-0.508,0.56,0.379,0.882
1150,1,1.042,0.544,-0.498,0.558,0.381,0.891
1151,1,1.042,0.544,-0.498,0.558,0.381,0.891
1152,1,0.9,0.571,-0.329,0.545,0.394,0.94
1153,1,1.001,0.551,-0.45,0.555,0.385,0.904
1154,1,12.886,0.626,-12.259,0.893,0.083,0.132
1155,1,1.002,0.561,-0.441,0.553,0.387,0.911
1156,1,1,0.53,-0.469,0.559,0.38,0.887
1157,1,1.041,0.533,-0.508,0.56,0.379,0.882
1158,1,1.001,0.554,-0.447,0.554,0.385,0.906
1159,1,0.997,0.499,-0.498,0.567,0.372,0.855
1160,1,0.981,0.505,-0.476,0.565,0.375,0.865
1161,1,0.984,0.544,-0.44,0.555,0.384,0.901
1162,1,1.033,1.02,-0.014,0.357,0.584,2.024
1163,1,1.001,0.551,-0.45,0.555,0.385,0.904
1164,1,0.917,0.542,-0.375,0.551,0.388,0.914
1165,1,1.001,0.551,-0.45,0.555,0.385,0.904
1166,1,0.9,0.571,-0.329,0.545,0.394,0.94
1167,1,0.917,0.548,-0.37,0.55,0.389,0.919
1168,1,0.709,0.516,-0.193,0.537,0.4,0.965
1169,1,0.646,0.537,-0.109,0.521,0.416,1.028
1170,1,0.915,0.501,-0.413,0.562,0.377,0.875
1171,1,0.639,0.545,-0.093,0.517,0.419,1.042
1172,1,0.969,0.538,-0.43,0.555,0.384,0.9
1173,1,1.001,0.554,-0.447,0.554,0.385,0.906
1174,1,0.915,0.503,-0.412,0.561,0.378,0.876
1175,1,0.984,0.544,-0.44,0.555,0.384,0.901
1176,1,0.917,0.542,-0.375,0.551,0.388,0.914
1177,1,0.984,0.542,-0.442,0.555,0.384,0.9
1178,1,0.709,0.518,-0.19,0.536,0.401,0.967
1179,1,0.969,0.538,-0.43,0.555,0.384,0.9
1180,1,1.366,0.542,-0.824,0.571,0.37,0.849
1181,1,1.366,0.545,-0.822,0.57,0.371,0.851
1182,1,1.568,1.881,0.313,0.329,0.614,2.294
1183,1,0.969,0.538,-0.43,0.555,0.384,0.9
1184,1,0.709,0.516,-0.193,0.537,0.4,0.965
1185,1,0.648,1.212,0.564,0.295,0.647,2.653
1186,1,0.638,0.492,-0.146,0.531,0.404,0.981
1187,1,1.001,0.554,-0.447,0.554,0.385,0.906
1188,1,1.042,0.544,-0.498,0.558,0.381,0.891
1189,1,0.917,0.542,-0.375,0.551,0.388,0.914
1190,1,0.638,0.501,-0.137,0.529,0.407,0.993
1191,1,1.041,0.533,-0.508,0.56,0.379,0.882
1192,1,1.001,0.554,-0.447,0.554,0.385,0.906
1193,1,0.9,0.571,-0.329,0.545,0.394,0.94
1194,1,1.001,0.554,-0.447,0.554,0.385,0.906
1195,1,1.368,0.557,-0.811,0.568,0.373,0.86
1196,1,0.915,0.501,-0.413,0.562,0.377,0.875
1197,1,0.638,0.492,-0.146,0.531,0.404,0.981
1198,1,0.646,0.537,-0.109,0.521,0.416,1.028
1199,1,6.636,0.602,-6.034,0.85,0.118,0.193
1200,1,0.638,0.492,-0.146,0.531,0.404,0.981
1201,1,1.366,0.542,-0.824,0.571,0.37,0.849
1202,1,1.588,1.888,0.3,0.329,0.613,2.29
1203,1,0.914,0.494,-0.42,0.564,0.375,0.866
1204,1,0.986,0.57,-0.415,0.55,0.389,0.92
1205,1,1.041,0.533,-0.508,0.56,0.379,0.882
1206,1,1.002,0.561,-0.441,0.553,0.387,0.911
1207,1,1.042,0.544,-0.498,0.558,0.381,0.891
1208,1,1.041,0.53,-0.51,0.561,0.378,0.88
1209,1,1.002,0.561,-0.441,0.553,0.387,0.911
1210,1,1.114,0.535,-0.58,0.563,0.376,0.872
1211,1,1.366,0.545,-0.822,0.57,0.371,0.851
1212,1,1.8,0.553,-1.247,0.579,0.363,0.822
1213,1,0.978,0.47,-0.507,0.577,0.363,0.822
1214,1,1.8,0.553,-1.247,0.579,0.363,0.822
1215,1,7.698,0.639,-7.059,0.944,0.037,0.056
1216,1,0.969,0.538,-0.43,0.555,0.384,0.9
1217,1,1.8,0.553,-1.247,0.579,0.363,0.822
1218,1,0.71,0.543,-0.166,0.53,0.407,0.991
1219,1,0.917,0.548,-0.37,0.55,0.389,0.919
1220,1,6.656,0.575,-6.082,0.854,0.115,0.188
1221,1,1.114,0.535,-0.58,0.563,0.376,0.872
1222,1,0.915,0.503,-0.412,0.561,0.378,0.876
1223,1,0.639,0.545,-0.093,0.517,0.419,1.042
1224,1,0.852,1.759,0.908,0.295,0.648,2.662
1225,1,0.969,0.538,-0.43,0.555,0.384,0.9
1226,1,0.638,0.501,-0.137,0.529,0.407,0.993
1227,1,1.114,0.535,-0.58,0.563,0.376,0.872
1228,1,0.984,0.542,-0.442,0.555,0.384,0.9
1229,1,2.038,1.222,-0.815,0.378,0.564,1.868
1230,1,0.818,0.541,-0.277,0.544,0.395,0.941
1231,1,0.981,0.505,-0.476,0.565,0.375,0.865
1232,1,0.969,0.538,-0.43,0.555,0.384,0.9
1233,1,2.033,1.222,-0.811,0.378,0.564,1.869
1234,1,0.914,0.494,-0.42,0.564,0.375,0.866
1235,1,0.709,0.538,-0.171,0.531,0.406,0.987
1236,1,1,0.539,-0.461,0.557,0.382,0.895
1237,1,1.783,0.499,-1.284,0.592,0.35,0.778
1238,1,0.638,0.503,-0.136,0.528,0.408,0.995
1239,1,1,0.541,-0.46,0.557,0.383,0.896
1240,1,0.709,0.538,-0.171,0.531,0.406,0.987
1241,1,1,0.539,-0.461,0.557,0.382,0.895
1242,1,1,0.54,-0.46,0.557,0.383,0.896
1243,1,1.088,1.666,0.578,0.317,0.625,2.412
1244,1,0.638,0.492,-0.146,0.531,0.404,0.981
1245,1,1.041,0.533,-0.508,0.56,0.379,0.882
1246,1,0.639,0.545,-0.093,0.517,0.419,1.042
1247,1,1,0.539,-0.461,0.557,0.382,0.895
1248,1,1,0.539,-0.461,0.557,0.382,0.895
1249,1,0.915,0.501,-0.413,0.562,0.377,0.875
1250,1,1,0.539,-0.461,0.557,0.382,0.895
1251,1,0.986,0.57,-0.415,0.55,0.389,0.92
1252,1,0.638,0.5,-0.139,0.529,0.407,0.991
1253,1,0.709,0.538,-0.171,0.531,0.406,0.987
1254,1,0.709,0.538,-0.171,0.531,0.406,0.987
1255,1,1.588,1.72,0.132,0.336,0.606,2.22
1256,1,1,0.53,-0.469,0.559,0.38,0.887
1257,1,6.702,0.602,-6.1,0.851,0.118,0.192
1258,1,1.368,0.557,-0.811,0.568,0.373,0.86
1259,1,0.709,0.516,-0.193,0.537,0.4,0.965
1260,1,0.709,0.516,-0.193,0.537,0.4,0.965
1261,1,0.968,1.259,0.291,0.332,0.609,2.253
1262,1,1.042,0.544,-0.498,0.558,0.381,0.891
1263,1,1.032,1.02,-0.012,0.357,0.584,2.025
1264,1,3.779,0.569,-3.21,0.818,0.145,0.245
1265,1,0.638,0.492,-0.146,0.531,0.404,0.981
1266,1,1.366,0.545,-0.822,0.57,0.371,0.851
1267,1,0.986,0.57,-0.415,0.55,0.389,0.92
1268,1,0.639,0.539,-0.099,0.518,0.418,1.036
1269,1,1.366,0.545,-0.822,0.57,0.371,0.851
1270,1,0.9,0.571,-0.329,0.545,0.394,0.94
1271,1,0.997,0.499,-0.498,0.567,0.372,0.855
1272,1,0.71,0.558,-0.151,0.527,0.41,1.004
1273,1,0.981,0.505,-0.476,0.565,0.375,0.865
